{
  "version": "2.3.0",
  "flags": {},
  "shapes": [
    {
      "label": "yutou",
      "points": [
        [
          165.0,
          843.3333333333333
        ],
        [
          385.8333333333335,
          843.3333333333333
        ],
        [
          385.8333333333335,
          1030.8333333333333
        ],
        [
          165.0,
          1030.8333333333333
        ]
      ],
      "group_id": null,
      "description": "",
      "difficult": false,
      "shape_type": "rectangle",
      "flags": {},
      "attributes": {}
    }
  ],
  "imagePath": "..\\images\\train\\0000.jpg",
  "imageData": null,
  "imageHeight": 1920,
  "imageWidth": 1080
}