{
  "version": "2.3.0",
  "flags": {},
  "shapes": [
    {
      "label": "yutou",
      "points": [
        [
          342.0833333333335,
          597.5
        ],
        [
          737.9166666666667,
          597.5
        ],
        [
          737.9166666666667,
          1005.8333333333333
        ],
        [
          342.0833333333335,
          1005.8333333333333
        ]
      ],
      "group_id": null,
      "description": "",
      "difficult": false,
      "shape_type": "rectangle",
      "flags": {},
      "attributes": {}
    }
  ],
  "imagePath": "..\\images\\train\\0001.jpg",
  "imageData": null,
  "imageHeight": 1920,
  "imageWidth": 1080
}