{
  "version": "2.3.0",
  "flags": {},
  "shapes": [
    {
      "label": "yutou",
      "points": [
        [
          829.5121951219512,
          193.65853658536585
        ],
        [
          1077.0731707317073,
          193.65853658536585
        ],
        [
          1077.0731707317073,
          414.390243902439
        ],
        [
          829.5121951219512,
          414.390243902439
        ]
      ],
      "group_id": null,
      "description": "",
      "difficult": false,
      "shape_type": "rectangle",
      "flags": {},
      "attributes": {}
    }
  ],
  "imagePath": "..\\images\\train\\0002.jpg",
  "imageData": null,
  "imageHeight": 1080,
  "imageWidth": 1920
}