{
  "version": "2.3.0",
  "flags": {},
  "shapes": [
    {
      "label": "yutou",
      "points": [
        [
          256.66666666666674,
          793.3333333333333
        ],
        [
          629.5833333333335,
          793.3333333333333
        ],
        [
          629.5833333333335,
          1185.0
        ],
        [
          256.66666666666674,
          1185.0
        ]
      ],
      "group_id": null,
      "description": "",
      "difficult": false,
      "shape_type": "rectangle",
      "flags": {},
      "attributes": {}
    }
  ],
  "imagePath": "..\\images\\train\\0003.jpg",
  "imageData": null,
  "imageHeight": 1920,
  "imageWidth": 1080
}