{
  "version": "2.3.0",
  "flags": {},
  "shapes": [
    {
      "label": "yutou",
      "points": [
        [
          19.166666666666742,
          628.75
        ],
        [
          800.4166666666667,
          628.75
        ],
        [
          800.4166666666667,
          1547.5
        ],
        [
          19.166666666666742,
          1547.5
        ]
      ],
      "group_id": null,
      "description": "",
      "difficult": false,
      "shape_type": "rectangle",
      "flags": {},
      "attributes": {}
    }
  ],
  "imagePath": "..\\images\\train\\0004.jpg",
  "imageData": null,
  "imageHeight": 1920,
  "imageWidth": 1080
}