{
  "version": "2.3.0",
  "flags": {},
  "shapes": [
    {
      "label": "yutou",
      "points": [
        [
          192.08333333333348,
          864.1666666666666
        ],
        [
          392.0833333333335,
          864.1666666666666
        ],
        [
          392.0833333333335,
          1016.25
        ],
        [
          192.08333333333348,
          1016.25
        ]
      ],
      "group_id": null,
      "description": "",
      "difficult": false,
      "shape_type": "rectangle",
      "flags": {},
      "attributes": {}
    }
  ],
  "imagePath": "..\\images\\train\\0005.jpg",
  "imageData": null,
  "imageHeight": 1920,
  "imageWidth": 1080
}