{
  "version": "2.3.0",
  "flags": {},
  "shapes": [
    {
      "label": "yutou",
      "points": [
        [
          390.0,
          730.8333333333333
        ],
        [
          725.4166666666667,
          730.8333333333333
        ],
        [
          725.4166666666667,
          1066.25
        ],
        [
          390.0,
          1066.25
        ]
      ],
      "group_id": null,
      "description": "",
      "difficult": false,
      "shape_type": "rectangle",
      "flags": {},
      "attributes": {}
    }
  ],
  "imagePath": "..\\images\\train\\0006.jpg",
  "imageData": null,
  "imageHeight": 1920,
  "imageWidth": 1080
}