{
  "version": "2.3.0",
  "flags": {},
  "shapes": [
    {
      "label": "yutou",
      "points": [
        [
          185.83333333333348,
          841.25
        ],
        [
          373.3333333333335,
          841.25
        ],
        [
          373.3333333333335,
          1022.5
        ],
        [
          185.83333333333348,
          1022.5
        ]
      ],
      "group_id": null,
      "description": "",
      "difficult": false,
      "shape_type": "rectangle",
      "flags": {},
      "attributes": {}
    }
  ],
  "imagePath": "..\\images\\train\\0007.jpg",
  "imageData": null,
  "imageHeight": 1920,
  "imageWidth": 1080
}