{
  "version": "2.3.0",
  "flags": {},
  "shapes": [
    {
      "label": "yutou",
      "points": [
        [
          360.8333333333335,
          639.1666666666666
        ],
        [
          719.1666666666667,
          639.1666666666666
        ],
        [
          719.1666666666667,
          968.3333333333333
        ],
        [
          360.8333333333335,
          968.3333333333333
        ]
      ],
      "group_id": null,
      "description": "",
      "difficult": false,
      "shape_type": "rectangle",
      "flags": {},
      "attributes": {}
    }
  ],
  "imagePath": "..\\images\\train\\0008.jpg",
  "imageData": null,
  "imageHeight": 1920,
  "imageWidth": 1080
}