{
  "version": "2.3.0",
  "flags": {},
  "shapes": [
    {
      "label": "yutou",
      "points": [
        [
          827.0731707317073,
          209.5121951219512
        ],
        [
          1058.780487804878,
          209.5121951219512
        ],
        [
          1058.780487804878,
          411.9512195121951
        ],
        [
          827.0731707317073,
          411.9512195121951
        ]
      ],
      "group_id": null,
      "description": "",
      "difficult": false,
      "shape_type": "rectangle",
      "flags": {},
      "attributes": {}
    }
  ],
  "imagePath": "..\\images\\train\\0009.jpg",
  "imageData": null,
  "imageHeight": 1080,
  "imageWidth": 1920
}