{
  "version": "2.3.0",
  "flags": {},
  "shapes": [
    {
      "label": "yutou",
      "points": [
        [
          246.25,
          799.5833333333333
        ],
        [
          637.9166666666667,
          799.5833333333333
        ],
        [
          637.9166666666667,
          1164.1666666666667
        ],
        [
          246.25,
          1164.1666666666667
        ]
      ],
      "group_id": null,
      "description": "",
      "difficult": false,
      "shape_type": "rectangle",
      "flags": {},
      "attributes": {}
    }
  ],
  "imagePath": "..\\images\\train\\0010.jpg",
  "imageData": null,
  "imageHeight": 1920,
  "imageWidth": 1080
}