{
  "version": "2.3.0",
  "flags": {},
  "shapes": [
    {
      "label": "yutou",
      "points": [
        [
          27.5,
          632.9166666666666
        ],
        [
          777.5,
          632.9166666666666
        ],
        [
          777.5,
          1491.25
        ],
        [
          27.5,
          1491.25
        ]
      ],
      "group_id": null,
      "description": "",
      "difficult": false,
      "shape_type": "rectangle",
      "flags": {},
      "attributes": {}
    }
  ],
  "imagePath": "..\\images\\train\\0011.jpg",
  "imageData": null,
  "imageHeight": 1920,
  "imageWidth": 1080
}