{
  "version": "2.3.0",
  "flags": {},
  "shapes": [
    {
      "label": "yutou",
      "points": [
        [
          167.08333333333348,
          841.25
        ],
        [
          367.0833333333335,
          841.25
        ],
        [
          367.0833333333335,
          1016.25
        ],
        [
          167.08333333333348,
          1016.25
        ]
      ],
      "group_id": null,
      "description": "",
      "difficult": false,
      "shape_type": "rectangle",
      "flags": {},
      "attributes": {}
    }
  ],
  "imagePath": "..\\images\\train\\0012.jpg",
  "imageData": null,
  "imageHeight": 1920,
  "imageWidth": 1080
}