{
  "version": "2.3.0",
  "flags": {},
  "shapes": [
    {
      "label": "yutou",
      "points": [
        [
          381.66666666666674,
          728.75
        ],
        [
          671.25,
          728.75
        ],
        [
          671.25,
          1020.4166666666667
        ],
        [
          381.66666666666674,
          1020.4166666666667
        ]
      ],
      "group_id": null,
      "description": "",
      "difficult": false,
      "shape_type": "rectangle",
      "flags": {},
      "attributes": {}
    }
  ],
  "imagePath": "..\\images\\train\\0013.jpg",
  "imageData": null,
  "imageHeight": 1920,
  "imageWidth": 1080
}